Type,URL,Canonical_URL,Self_Canonicalizing,Has_Foreign_Domain
EN Static,https://www.welovepdf.best,https://www.welovepdf.best,True,False
EN Static,https://www.welovepdf.best/about-us,https://www.welovepdf.best/about-us,True,False
EN Static,https://www.welovepdf.best/contact,https://www.welovepdf.best/contact,True,False
EN Static,https://www.welovepdf.best/privacy-policy,https://www.welovepdf.best/privacy-policy,True,False
EN Static,https://www.welovepdf.best/terms-and-conditions,https://www.welovepdf.best/terms-and-conditions,True,False
EN Static,https://www.welovepdf.best/cookies,https://www.welovepdf.best/cookies,True,False
EN Static,https://www.welovepdf.best/security,https://www.welovepdf.best/security,True,False
EN Static,https://www.welovepdf.best/blog,https://www.welovepdf.best/blog,True,False
EN Static,https://www.welovepdf.best/pricing,https://www.welovepdf.best/pricing,True,False
EN Static,https://www.welovepdf.best/faq,https://www.welovepdf.best/faq,True,False
EN Static,https://www.welovepdf.best/vs/adobe-acrobat,https://www.welovepdf.best/vs/adobe-acrobat,True,False
EN Static,https://www.welovepdf.best/vs/ilovepdf,https://www.welovepdf.best/vs/ilovepdf,True,False
EN Static,https://www.welovepdf.best/vs/smallpdf,https://www.welovepdf.best/vs/smallpdf,True,False
EN Tool,https://www.welovepdf.best/merge-pdf,https://www.welovepdf.best/merge-pdf,True,False
EN Tool,https://www.welovepdf.best/split-pdf,https://www.welovepdf.best/split-pdf,True,False
EN Tool,https://www.welovepdf.best/delete-pages,https://www.welovepdf.best/delete-pages,True,False
EN Tool,https://www.welovepdf.best/extract-pages,https://www.welovepdf.best/extract-pages,True,False
EN Tool,https://www.welovepdf.best/reorder-pages,https://www.welovepdf.best/reorder-pages,True,False
EN Tool,https://www.welovepdf.best/rotate-pdf,https://www.welovepdf.best/rotate-pdf,True,False
EN Tool,https://www.welovepdf.best/duplicate-pages,https://www.welovepdf.best/duplicate-pages,True,False
EN Tool,https://www.welovepdf.best/add-blank-page,https://www.welovepdf.best/add-blank-page,True,False
EN Tool,https://www.welovepdf.best/crop-pdf,https://www.welovepdf.best/crop-pdf,True,False
EN Tool,https://www.welovepdf.best/page-numbers,https://www.welovepdf.best/page-numbers,True,False
EN Tool,https://www.welovepdf.best/watermark-pdf,https://www.welovepdf.best/watermark-pdf,True,False
EN Tool,https://www.welovepdf.best/header-footer,https://www.welovepdf.best/header-footer,True,False
EN Tool,https://www.welovepdf.best/metadata-editor,https://www.welovepdf.best/metadata-editor,True,False
EN Tool,https://www.welovepdf.best/flatten-pdf,https://www.welovepdf.best/flatten-pdf,True,False
EN Tool,https://www.welovepdf.best/annotate-pdf,https://www.welovepdf.best/annotate-pdf,True,False
EN Tool,https://www.welovepdf.best/redact-pdf,https://www.welovepdf.best/redact-pdf,True,False
EN Tool,https://www.welovepdf.best/compare-pdf,https://www.welovepdf.best/compare-pdf,True,False
EN Tool,https://www.welovepdf.best/bookmark-editor,https://www.welovepdf.best/bookmark-editor,True,False
EN Tool,https://www.welovepdf.best/compress-pdf,https://www.welovepdf.best/compress-pdf,True,False
EN Tool,https://www.welovepdf.best/compress-pdf-to-100kb,https://www.welovepdf.best/compress-pdf-to-100kb,True,False
EN Tool,https://www.welovepdf.best/compress-pdf-to-200kb,https://www.welovepdf.best/compress-pdf-to-200kb,True,False
EN Tool,https://www.welovepdf.best/compress-pdf-to-50kb,https://www.welovepdf.best/compress-pdf-to-50kb,True,False
EN Tool,https://www.welovepdf.best/compress-pdf-to-500kb,https://www.welovepdf.best/compress-pdf-to-500kb,True,False
EN Tool,https://www.welovepdf.best/compress-pdf-for-ssc-upsc,https://www.welovepdf.best/compress-pdf-for-ssc-upsc,True,False
EN Tool,https://www.welovepdf.best/grayscale-pdf,https://www.welovepdf.best/grayscale-pdf,True,False
EN Tool,https://www.welovepdf.best/repair-pdf,https://www.welovepdf.best/repair-pdf,True,False
EN Tool,https://www.welovepdf.best/remove-hidden-data,https://www.welovepdf.best/remove-hidden-data,True,False
EN Tool,https://www.welovepdf.best/deskew-scan,https://www.welovepdf.best/deskew-scan,True,False
EN Tool,https://www.welovepdf.best/auto-enhance-scan,https://www.welovepdf.best/auto-enhance-scan,True,False
EN Tool,https://www.welovepdf.best/remove-background,https://www.welovepdf.best/remove-background,True,False
EN Tool,https://www.welovepdf.best/ocr-pdf,https://www.welovepdf.best/ocr-pdf,True,False
EN Tool,https://www.welovepdf.best/pdf-to-text,https://www.welovepdf.best/pdf-to-text,True,False
EN Tool,https://www.welovepdf.best/pdf-to-markdown,https://www.welovepdf.best/pdf-to-markdown,True,False
EN Tool,https://www.welovepdf.best/pdf-to-jpg,https://www.welovepdf.best/pdf-to-jpg,True,False
EN Tool,https://www.welovepdf.best/pdf-to-png,https://www.welovepdf.best/pdf-to-png,True,False
EN Tool,https://www.welovepdf.best/pdf-to-long-image,https://www.welovepdf.best/pdf-to-long-image,True,False
EN Tool,https://www.welovepdf.best/pdf-to-word,https://www.welovepdf.best/pdf-to-word,True,False
EN Tool,https://www.welovepdf.best/pdf-to-excel,https://www.welovepdf.best/pdf-to-excel,True,False
EN Tool,https://www.welovepdf.best/pdf-to-powerpoint,https://www.welovepdf.best/pdf-to-powerpoint,True,False
EN Tool,https://www.welovepdf.best/pdf-to-html,https://www.welovepdf.best/pdf-to-html,True,False
EN Tool,https://www.welovepdf.best/pdf-to-csv,https://www.welovepdf.best/pdf-to-csv,True,False
EN Tool,https://www.welovepdf.best/jpg-to-pdf,https://www.welovepdf.best/jpg-to-pdf,True,False
EN Tool,https://www.welovepdf.best/png-to-pdf,https://www.welovepdf.best/png-to-pdf,True,False
EN Tool,https://www.welovepdf.best/image-to-pdf,https://www.welovepdf.best/image-to-pdf,True,False
EN Tool,https://www.welovepdf.best/word-to-pdf,https://www.welovepdf.best/word-to-pdf,True,False
EN Tool,https://www.welovepdf.best/excel-to-pdf,https://www.welovepdf.best/excel-to-pdf,True,False
EN Tool,https://www.welovepdf.best/powerpoint-to-pdf,https://www.welovepdf.best/powerpoint-to-pdf,True,False
EN Tool,https://www.welovepdf.best/html-to-pdf,https://www.welovepdf.best/html-to-pdf,True,False
EN Tool,https://www.welovepdf.best/markdown-to-pdf,https://www.welovepdf.best/markdown-to-pdf,True,False
EN Tool,https://www.welovepdf.best/text-to-pdf,https://www.welovepdf.best/text-to-pdf,True,False
EN Tool,https://www.welovepdf.best/url-to-pdf,https://www.welovepdf.best/url-to-pdf,True,False
EN Tool,https://www.welovepdf.best/protect-pdf,https://www.welovepdf.best/protect-pdf,True,False
EN Tool,https://www.welovepdf.best/unlock-pdf,https://www.welovepdf.best/unlock-pdf,True,False
EN Tool,https://www.welovepdf.best/sign-pdf,https://www.welovepdf.best/sign-pdf,True,False
EN Tool,https://www.welovepdf.best/verify-signature,https://www.welovepdf.best/verify-signature,True,False
EN Tool,https://www.welovepdf.best/bates-numbering,https://www.welovepdf.best/bates-numbering,True,False
EN Tool,https://www.welovepdf.best/accessibility-checker,https://www.welovepdf.best/accessibility-checker,True,False
EN Tool,https://www.welovepdf.best/invert-colors,https://www.welovepdf.best/invert-colors,True,False
EN Tool,https://www.welovepdf.best/pdf-reader,https://www.welovepdf.best/pdf-reader,True,False
EN Tool,https://www.welovepdf.best/search-in-pdf,https://www.welovepdf.best/search-in-pdf,True,False
EN Tool,https://www.welovepdf.best/ask-pdf,https://www.welovepdf.best/ask-pdf,True,False
EN Tool,https://www.welovepdf.best/summarize-pdf,https://www.welovepdf.best/summarize-pdf,True,False
EN Tool,https://www.welovepdf.best/translate-pdf,https://www.welovepdf.best/translate-pdf,True,False
EN Tool,https://www.welovepdf.best/quiz-from-pdf,https://www.welovepdf.best/quiz-from-pdf,True,False
EN Tool,https://www.welovepdf.best/invoice-extractor,https://www.welovepdf.best/invoice-extractor,True,False
EN Tool,https://www.welovepdf.best/resume-to-pdf,https://www.welovepdf.best/resume-to-pdf,True,False
EN Tool,https://www.welovepdf.best/hindi-invoice-generator,https://www.welovepdf.best/hindi-invoice-generator,True,False
EN Tool,https://www.welovepdf.best/pdf-to-qr,https://www.welovepdf.best/pdf-to-qr,True,False
HI Static,https://www.welovepdf.best/hi,https://www.welovepdf.best/hi,True,False
HI Static,https://www.welovepdf.best/hi/about-us,https://www.welovepdf.best/hi/about-us,True,False
HI Static,https://www.welovepdf.best/hi/contact,https://www.welovepdf.best/hi/contact,True,False
HI Static,https://www.welovepdf.best/hi/privacy-policy,https://www.welovepdf.best/hi/privacy-policy,True,False
HI Static,https://www.welovepdf.best/hi/terms-and-conditions,https://www.welovepdf.best/hi/terms-and-conditions,True,False
HI Static,https://www.welovepdf.best/hi/cookies,https://www.welovepdf.best/hi/cookies,True,False
HI Static,https://www.welovepdf.best/hi/security,https://www.welovepdf.best/hi/security,True,False
HI Static,https://www.welovepdf.best/hi/blog,https://www.welovepdf.best/hi/blog,True,False
HI Static,https://www.welovepdf.best/hi/pricing,https://www.welovepdf.best/hi/pricing,True,False
HI Static,https://www.welovepdf.best/hi/faq,https://www.welovepdf.best/hi/faq,True,False
HI Static,https://www.welovepdf.best/hi/vs/adobe-acrobat,https://www.welovepdf.best/hi/vs/adobe-acrobat,True,False
HI Static,https://www.welovepdf.best/hi/vs/ilovepdf,https://www.welovepdf.best/hi/vs/ilovepdf,True,False
HI Static,https://www.welovepdf.best/hi/vs/smallpdf,https://www.welovepdf.best/hi/vs/smallpdf,True,False
HI Tool,https://www.welovepdf.best/hi/merge-pdf,https://www.welovepdf.best/hi/merge-pdf,True,False
HI Tool,https://www.welovepdf.best/hi/split-pdf,https://www.welovepdf.best/hi/split-pdf,True,False
HI Tool,https://www.welovepdf.best/hi/delete-pages,https://www.welovepdf.best/hi/delete-pages,True,False
HI Tool,https://www.welovepdf.best/hi/extract-pages,https://www.welovepdf.best/hi/extract-pages,True,False
HI Tool,https://www.welovepdf.best/hi/reorder-pages,https://www.welovepdf.best/hi/reorder-pages,True,False
HI Tool,https://www.welovepdf.best/hi/rotate-pdf,https://www.welovepdf.best/hi/rotate-pdf,True,False
HI Tool,https://www.welovepdf.best/hi/duplicate-pages,https://www.welovepdf.best/hi/duplicate-pages,True,False
HI Tool,https://www.welovepdf.best/hi/add-blank-page,https://www.welovepdf.best/hi/add-blank-page,True,False
HI Tool,https://www.welovepdf.best/hi/crop-pdf,https://www.welovepdf.best/hi/crop-pdf,True,False
HI Tool,https://www.welovepdf.best/hi/page-numbers,https://www.welovepdf.best/hi/page-numbers,True,False
HI Tool,https://www.welovepdf.best/hi/watermark-pdf,https://www.welovepdf.best/hi/watermark-pdf,True,False
HI Tool,https://www.welovepdf.best/hi/header-footer,https://www.welovepdf.best/hi/header-footer,True,False
HI Tool,https://www.welovepdf.best/hi/metadata-editor,https://www.welovepdf.best/hi/metadata-editor,True,False
HI Tool,https://www.welovepdf.best/hi/flatten-pdf,https://www.welovepdf.best/hi/flatten-pdf,True,False
HI Tool,https://www.welovepdf.best/hi/annotate-pdf,https://www.welovepdf.best/hi/annotate-pdf,True,False
HI Tool,https://www.welovepdf.best/hi/redact-pdf,https://www.welovepdf.best/hi/redact-pdf,True,False
HI Tool,https://www.welovepdf.best/hi/compare-pdf,https://www.welovepdf.best/hi/compare-pdf,True,False
HI Tool,https://www.welovepdf.best/hi/bookmark-editor,https://www.welovepdf.best/hi/bookmark-editor,True,False
HI Tool,https://www.welovepdf.best/hi/compress-pdf,https://www.welovepdf.best/hi/compress-pdf,True,False
HI Tool,https://www.welovepdf.best/hi/compress-pdf-to-100kb,https://www.welovepdf.best/hi/compress-pdf-to-100kb,True,False
HI Tool,https://www.welovepdf.best/hi/compress-pdf-to-200kb,https://www.welovepdf.best/hi/compress-pdf-to-200kb,True,False
HI Tool,https://www.welovepdf.best/hi/compress-pdf-to-50kb,https://www.welovepdf.best/hi/compress-pdf-to-50kb,True,False
HI Tool,https://www.welovepdf.best/hi/compress-pdf-to-500kb,https://www.welovepdf.best/hi/compress-pdf-to-500kb,True,False
HI Tool,https://www.welovepdf.best/hi/compress-pdf-for-ssc-upsc,https://www.welovepdf.best/hi/compress-pdf-for-ssc-upsc,True,False
HI Tool,https://www.welovepdf.best/hi/grayscale-pdf,https://www.welovepdf.best/hi/grayscale-pdf,True,False
HI Tool,https://www.welovepdf.best/hi/repair-pdf,https://www.welovepdf.best/hi/repair-pdf,True,False
HI Tool,https://www.welovepdf.best/hi/remove-hidden-data,https://www.welovepdf.best/hi/remove-hidden-data,True,False
HI Tool,https://www.welovepdf.best/hi/deskew-scan,https://www.welovepdf.best/hi/deskew-scan,True,False
HI Tool,https://www.welovepdf.best/hi/auto-enhance-scan,https://www.welovepdf.best/hi/auto-enhance-scan,True,False
HI Tool,https://www.welovepdf.best/hi/remove-background,https://www.welovepdf.best/hi/remove-background,True,False
HI Tool,https://www.welovepdf.best/hi/ocr-pdf,https://www.welovepdf.best/hi/ocr-pdf,True,False
HI Tool,https://www.welovepdf.best/hi/pdf-to-text,https://www.welovepdf.best/hi/pdf-to-text,True,False
HI Tool,https://www.welovepdf.best/hi/pdf-to-markdown,https://www.welovepdf.best/hi/pdf-to-markdown,True,False
HI Tool,https://www.welovepdf.best/hi/pdf-to-jpg,https://www.welovepdf.best/hi/pdf-to-jpg,True,False
HI Tool,https://www.welovepdf.best/hi/pdf-to-png,https://www.welovepdf.best/hi/pdf-to-png,True,False
HI Tool,https://www.welovepdf.best/hi/pdf-to-long-image,https://www.welovepdf.best/hi/pdf-to-long-image,True,False
HI Tool,https://www.welovepdf.best/hi/pdf-to-word,https://www.welovepdf.best/hi/pdf-to-word,True,False
HI Tool,https://www.welovepdf.best/hi/pdf-to-excel,https://www.welovepdf.best/hi/pdf-to-excel,True,False
HI Tool,https://www.welovepdf.best/hi/pdf-to-powerpoint,https://www.welovepdf.best/hi/pdf-to-powerpoint,True,False
HI Tool,https://www.welovepdf.best/hi/pdf-to-html,https://www.welovepdf.best/hi/pdf-to-html,True,False
HI Tool,https://www.welovepdf.best/hi/pdf-to-csv,https://www.welovepdf.best/hi/pdf-to-csv,True,False
HI Tool,https://www.welovepdf.best/hi/jpg-to-pdf,https://www.welovepdf.best/hi/jpg-to-pdf,True,False
HI Tool,https://www.welovepdf.best/hi/png-to-pdf,https://www.welovepdf.best/hi/png-to-pdf,True,False
HI Tool,https://www.welovepdf.best/hi/image-to-pdf,https://www.welovepdf.best/hi/image-to-pdf,True,False
HI Tool,https://www.welovepdf.best/hi/word-to-pdf,https://www.welovepdf.best/hi/word-to-pdf,True,False
HI Tool,https://www.welovepdf.best/hi/excel-to-pdf,https://www.welovepdf.best/hi/excel-to-pdf,True,False
HI Tool,https://www.welovepdf.best/hi/powerpoint-to-pdf,https://www.welovepdf.best/hi/powerpoint-to-pdf,True,False
HI Tool,https://www.welovepdf.best/hi/html-to-pdf,https://www.welovepdf.best/hi/html-to-pdf,True,False
HI Tool,https://www.welovepdf.best/hi/markdown-to-pdf,https://www.welovepdf.best/hi/markdown-to-pdf,True,False
HI Tool,https://www.welovepdf.best/hi/text-to-pdf,https://www.welovepdf.best/hi/text-to-pdf,True,False
HI Tool,https://www.welovepdf.best/hi/url-to-pdf,https://www.welovepdf.best/hi/url-to-pdf,True,False
HI Tool,https://www.welovepdf.best/hi/protect-pdf,https://www.welovepdf.best/hi/protect-pdf,True,False
HI Tool,https://www.welovepdf.best/hi/unlock-pdf,https://www.welovepdf.best/hi/unlock-pdf,True,False
HI Tool,https://www.welovepdf.best/hi/sign-pdf,https://www.welovepdf.best/hi/sign-pdf,True,False
HI Tool,https://www.welovepdf.best/hi/verify-signature,https://www.welovepdf.best/hi/verify-signature,True,False
HI Tool,https://www.welovepdf.best/hi/bates-numbering,https://www.welovepdf.best/hi/bates-numbering,True,False
HI Tool,https://www.welovepdf.best/hi/accessibility-checker,https://www.welovepdf.best/hi/accessibility-checker,True,False
HI Tool,https://www.welovepdf.best/hi/invert-colors,https://www.welovepdf.best/hi/invert-colors,True,False
HI Tool,https://www.welovepdf.best/hi/pdf-reader,https://www.welovepdf.best/hi/pdf-reader,True,False
HI Tool,https://www.welovepdf.best/hi/search-in-pdf,https://www.welovepdf.best/hi/search-in-pdf,True,False
HI Tool,https://www.welovepdf.best/hi/ask-pdf,https://www.welovepdf.best/hi/ask-pdf,True,False
HI Tool,https://www.welovepdf.best/hi/summarize-pdf,https://www.welovepdf.best/hi/summarize-pdf,True,False
HI Tool,https://www.welovepdf.best/hi/translate-pdf,https://www.welovepdf.best/hi/translate-pdf,True,False
HI Tool,https://www.welovepdf.best/hi/quiz-from-pdf,https://www.welovepdf.best/hi/quiz-from-pdf,True,False
HI Tool,https://www.welovepdf.best/hi/invoice-extractor,https://www.welovepdf.best/hi/invoice-extractor,True,False
HI Tool,https://www.welovepdf.best/hi/resume-to-pdf,https://www.welovepdf.best/hi/resume-to-pdf,True,False
HI Tool,https://www.welovepdf.best/hi/hindi-invoice-generator,https://www.welovepdf.best/hi/hindi-invoice-generator,True,False
HI Tool,https://www.welovepdf.best/hi/pdf-to-qr,https://www.welovepdf.best/hi/pdf-to-qr,True,False
